City_ID,City,Lat,Lng,Max Temp,Humidity,Cloudiness,Wind Speed,Country,Date
0,machico,32.7,-16.7667,27.85,75,75,2.06,PT,1691430413
1,forster,-32.1667,152.5167,8.87,92,54,2.21,AU,1691430414
2,bredasdorp,-34.5322,20.0403,10.99,85,0,1.71,ZA,1691430414
3,alice springs,-23.7,133.8833,6.75,76,2,0.0,AU,1691430223
4,yellowknife,62.456,-114.3525,18.29,48,75,4.63,CA,1691430170
5,iqaluit,63.7506,-68.5145,9.85,76,20,3.09,CA,1691430180
6,kerikeri,-35.2268,173.9474,7.52,94,41,1.79,NZ,1691430416
7,margaret river,-33.95,115.0667,16.64,91,83,8.9,AU,1691430417
8,timmins,48.4669,-81.3331,22.9,53,100,2.57,CA,1691430249
9,tiksi,71.6872,128.8694,5.77,69,27,0.93,RU,1691430418
10,dire,12.2833,-10.9667,26.71,88,99,1.36,ML,1691430418
11,tolanaro,-25.0319,46.9987,21.04,78,75,8.23,MG,1691430419
12,ivdel',60.6911,60.4206,16.4,96,86,3.72,RU,1691430419
13,leshan,29.5623,103.7639,23.65,94,33,0.66,CN,1691430420
14,puerto deseado,-47.7503,-65.8938,7.17,62,34,7.31,AR,1691430420
15,adamstown,-25.066,-130.1015,20.47,72,6,3.33,PN,1691430421
16,pacific grove,36.6177,-121.9166,24.66,86,0,4.02,US,1691430421
17,avarua,-21.2078,-159.775,21.03,83,100,1.54,CK,1691430422
18,aasiaat,68.7098,-52.8699,3.94,68,20,3.25,GL,1691430422
19,waitangi,-43.9535,-176.5597,7.68,62,100,5.28,NZ,1691430423
20,tofol,5.3248,163.0078,27.64,78,98,3.8,FM,1691430424
21,ulsteinvik,62.3432,5.8487,13.2,90,100,4.47,NO,1691430424
22,rozdilna,46.8433,30.0792,22.73,44,19,4.36,UA,1691430425
23,grytviken,-54.2811,-36.5092,-4.76,84,99,5.14,GS,1691430425
24,enewetak,11.3474,162.3373,26.85,83,98,5.95,MH,1691430426
25,edinburgh of the seven seas,-37.0676,-12.3116,13.22,75,68,11.91,SH,1691430426
26,port-aux-francais,-49.35,70.2167,4.44,92,100,11.39,TF,1691430169
27,perbaungan,3.5679,98.956,26.06,94,95,2.87,ID,1691430427
28,genhe,50.7833,121.5167,13.11,68,100,0.81,CN,1691430428
29,borovskoy,53.8,64.15,19.9,56,100,2.0,KZ,1691430429
30,kanoya,31.3833,130.85,26.83,91,100,9.01,JP,1691430429
31,stanley,54.868,-1.6985,16.82,69,20,7.2,GB,1691430430
32,badger,64.8,-147.5333,22.3,78,100,3.09,US,1691430430
33,luderitz,-26.6481,15.1594,17.06,67,0,4.49,NA,1691430431
34,holualoa,19.6228,-155.9522,27.15,73,0,3.09,US,1691430423
35,qaqortoq,60.7167,-46.0333,4.72,89,73,2.66,GL,1691430432
36,santo domingo tehuantepec,16.3333,-95.2333,36.84,38,3,5.89,MX,1691430433
37,karratha,-20.7377,116.8463,22.66,75,3,3.47,AU,1691430434
38,iskateley,67.6803,53.1512,8.64,86,6,5.04,RU,1691430434
39,ilulissat,69.2167,-51.1,11.01,46,20,2.06,GL,1691430435
40,east london,-33.0153,27.9116,17.52,88,20,2.57,ZA,1691430191
41,champerico,14.3,-91.9167,33.3,52,26,3.64,GT,1691430436
42,bethel,41.3712,-73.414,24.81,89,100,1.54,US,1691430437
43,vila velha,-20.3297,-40.2925,26.97,80,20,8.23,BR,1691430438
44,arraial do cabo,-22.9661,-42.0278,30.98,48,0,6.69,BR,1691430438
45,portland,45.5234,-122.6762,24.73,73,100,3.6,US,1691429902
46,nar'yan-mar,67.6713,53.087,8.68,86,8,5.06,RU,1691430439
47,bayanhongor,46.7167,100.1167,12.73,46,53,1.94,MN,1691430441
48,mar del plata,-38.0023,-57.5575,9.97,58,20,6.69,AR,1691430402
49,georgetown,5.4112,100.3354,28.96,88,20,1.03,MY,1691430299
50,iraquara,-12.2486,-41.6194,25.84,36,19,4.83,BR,1691430442
51,puerto ayora,-0.7393,-90.3518,28.98,83,72,4.02,EC,1691430443
52,colonia,50.9333,6.95,18.92,64,40,5.14,DE,1691430444
53,port elizabeth,-33.918,25.5701,17.83,94,20,5.14,ZA,1691430179
54,aykhal,66.0,111.5,15.1,46,100,2.0,RU,1691430445
55,ushuaia,-54.8,-68.3,1.81,69,0,1.54,AR,1691430445
56,key west,24.5557,-81.7826,34.0,70,0,4.63,US,1691430262
57,invercargill,-46.4,168.35,5.01,88,99,3.58,NZ,1691430446
58,sinabang,2.4803,96.3801,25.77,88,100,3.12,ID,1691430447
59,hammerfest,70.6634,23.6821,18.25,72,75,2.57,NO,1691430341
60,blackmans bay,-43.0167,147.3167,6.96,91,34,2.31,AU,1691430448
61,port lincoln,-34.7333,135.8667,10.62,75,1,3.79,AU,1691430183
62,punta arenas,-53.15,-70.9167,3.54,74,99,3.29,CL,1691430066
63,wailua homesteads,22.0669,-159.378,26.44,89,100,5.66,US,1691430173
64,yerofey pavlovich,53.9667,121.9667,13.73,70,79,1.9,RU,1691430450
65,pyinmana,19.7333,96.2167,23.28,98,100,3.32,MM,1691430450
66,ciudad del carmen,18.6333,-91.8333,32.02,62,0,5.66,MX,1691430378
67,pishva,35.308,51.7267,33.4,20,52,5.24,IR,1691430451
68,whitehorse,60.7161,-135.0538,18.78,63,75,5.66,CA,1691430420
69,port mathurin,-19.6833,63.4167,22.5,65,86,10.88,MU,1691430171
70,bellingham,48.7595,-122.4882,24.65,78,0,2.06,US,1691430453
71,paragominas,-2.9667,-47.4833,31.35,47,72,1.69,BR,1691430440
72,reggane,26.7158,0.1714,44.42,7,0,2.77,DZ,1691430454
73,muang khong,14.1167,105.85,22.92,98,74,0.61,LA,1691430454
74,acarau,-2.8856,-40.12,26.78,74,17,12.65,BR,1691430456
75,campos belos,-13.0367,-46.7717,34.15,17,3,1.66,BR,1691430456
76,remire-montjoly,4.9167,-52.2667,32.02,58,11,6.69,GF,1691430457
77,trashi yangtse,27.6116,91.498,20.27,98,100,0.68,BT,1691430457
78,al hufuf,25.3646,49.5653,39.19,6,0,1.54,SA,1691430458
79,ust-nera,64.5667,143.2,6.26,63,83,2.24,RU,1691430458
80,utrik,11.2278,169.8474,28.32,75,77,8.23,MH,1691430459
81,talnakh,69.4865,88.3972,17.34,52,52,1.8,RU,1691430188
82,longyearbyen,78.2186,15.6401,8.91,87,75,1.54,SJ,1691430190
83,kharupatia,26.5167,92.1333,26.62,91,99,2.47,IN,1691430460
84,hawaiian paradise park,19.5933,-154.9731,25.5,96,20,2.06,US,1691430461
85,khark,29.2614,50.3306,34.91,60,1,7.36,IR,1691430461
86,college,64.8569,-147.8028,22.34,71,100,3.09,US,1691430272
87,ribeira grande,38.5167,-28.7,26.22,69,40,3.09,PT,1691430462
88,la rinconada,37.4873,-5.9826,42.29,17,0,3.09,ES,1691430463
89,curitibanos,-27.2828,-50.5844,18.4,70,53,2.18,BR,1691430463
90,albany,42.6001,-73.9662,22.54,88,100,1.34,US,1691430464
91,las vegas,36.175,-115.1372,37.91,12,0,8.05,US,1691430434
92,papatowai,-46.5619,169.4708,4.96,87,100,5.55,NZ,1691430464
93,caidian,30.5833,114.0333,29.07,83,90,2.39,CN,1691430465
94,garoowe,8.4054,48.4845,28.99,41,46,12.69,SO,1691430465
95,yuzhno-kurilsk,44.0306,145.8556,14.61,97,98,4.3,RU,1691430466
96,codrington,-38.2667,141.9667,5.54,94,10,2.22,AU,1691430192
97,port alfred,-33.5906,26.891,16.77,91,1,0.89,ZA,1691430467
98,saipan,15.1355,145.701,27.39,100,40,0.0,MP,1691430467
99,udachny,66.4167,112.4,16.36,58,98,2.27,RU,1691430468
100,flying fish cove,-10.4217,105.6791,24.82,88,100,4.63,CX,1691430468
101,el nido,11.1858,119.3956,28.96,76,50,8.29,PH,1691430469
102,atafu village,-8.5421,-172.5159,28.33,70,70,6.11,TK,1691430170
103,west island,-12.1568,96.8225,25.99,83,40,6.69,CC,1691430470
104,quellon,-43.1167,-73.6167,10.14,76,0,2.06,CL,1691430470
105,salinopolis,-0.6136,-47.3561,27.56,81,97,5.82,BR,1691430471
106,kuta,-8.7233,115.1723,22.97,88,20,3.13,ID,1691430471
107,isangel,-19.55,169.2667,20.53,82,90,5.5,VU,1691430472
108,katabu,-4.9333,122.5167,21.48,90,1,1.81,ID,1691430472
109,urazovo,50.0836,38.0395,22.63,80,32,1.31,RU,1691430473
110,kodiak,57.79,-152.4072,12.73,94,100,5.14,US,1691430473
111,prince rupert,54.3161,-130.3201,16.05,100,100,4.63,CA,1691430236
112,chunskiy,56.0815,99.6342,12.49,95,63,0.9,RU,1691430474
113,new norfolk,-42.7826,147.0587,7.62,98,55,1.29,AU,1691430475
114,puerto natales,-51.7236,-72.4875,2.29,76,100,1.95,CL,1691430475
115,warri,5.5167,5.75,25.88,77,51,3.34,NG,1691430475
116,argo,37.6333,22.7333,29.88,53,0,1.28,GR,1691430477
117,thompson,55.7435,-97.8558,15.09,77,100,3.09,CA,1691430477
118,san juan,-31.5375,-68.5364,18.53,20,54,1.09,AR,1691430478
119,choibalsan,48.0667,114.5,14.02,91,100,3.45,MN,1691430478
120,usogorsk,63.4106,48.6872,13.69,82,3,2.33,RU,1691430479
121,egilsstadir,65.2653,-14.3948,13.95,35,0,4.63,IS,1691430479
122,santa cruz,-17.8,-63.1667,34.03,36,20,1.54,BO,1691430303
123,gewane,10.1664,40.6453,33.05,34,2,1.63,ET,1691430481
124,ust'-kut,56.7938,105.7672,17.28,95,100,1.47,RU,1691430191
125,nova sintra,14.8667,-24.7167,22.26,77,89,6.87,CV,1691430482
126,linxia chengguanzhen,35.6003,103.2064,17.84,72,18,1.07,CN,1691430482
127,sibolga,1.7427,98.7792,25.0,90,100,1.1,ID,1691430483
128,nizhneangarsk,55.7833,109.55,14.73,88,73,0.73,RU,1691430484
129,zemio,5.0314,25.1361,21.34,97,45,1.24,CF,1691430484
130,khandyga,62.6667,135.6,12.1,39,0,3.71,RU,1691430243
131,anadyr,64.75,177.4833,10.28,93,40,5.0,RU,1691430485
132,fortuna,40.5982,-124.1573,21.31,89,75,4.12,US,1691430486
133,susuman,62.7833,148.1667,1.39,80,98,1.66,RU,1691430486
134,thurso,58.5927,-3.5259,15.14,78,66,5.58,GB,1691430487
135,jiwani,25.05,61.7417,28.09,81,8,3.66,PK,1691430487
136,bilibino,68.0546,166.4372,2.38,94,100,2.63,RU,1691430488
137,oromocto,45.8351,-66.4792,24.28,68,100,2.06,CA,1691430488
138,hermanus,-34.4187,19.2345,13.78,82,0,1.24,ZA,1691430489
139,tura,25.5198,90.2201,23.71,97,100,0.92,IN,1691430489
140,general conesa,-40.1,-64.4333,10.94,31,9,4.28,AR,1691430490
141,lincheng,19.9078,109.6858,28.88,71,16,9.41,CN,1691430490
142,kapa'a,22.0752,-159.319,27.18,89,100,5.66,US,1691430491
143,rio grande,-32.035,-52.0986,15.06,68,83,8.71,BR,1691430492
144,fortaleza,-3.7227,-38.5247,30.07,58,0,8.23,BR,1691430493
145,lebu,-37.6167,-73.65,11.5,79,100,2.55,CL,1691430493
146,lompoc,34.6391,-120.4579,30.01,73,20,1.54,US,1691430208
147,pickering,43.9001,-79.1329,24.58,81,75,4.63,CA,1691430495
148,tralee,52.2704,-9.7026,16.14,77,40,4.63,IE,1691430496
149,motygino,58.1831,94.7592,13.71,78,86,1.38,RU,1691430496
150,vilyuchinsk,52.9306,158.4028,9.15,85,43,4.51,RU,1691430497
151,walvis bay,-22.9575,14.5053,25.53,19,0,3.6,NA,1691430497
152,kiama,-34.6833,150.8667,10.25,89,97,0.89,AU,1691430498
153,mirnyy,62.5353,113.9611,17.91,63,94,4.02,RU,1691430499
154,azul,-36.777,-59.8585,10.69,37,1,3.26,AR,1691430501
155,abadiania,-16.2042,-48.7069,29.51,16,3,1.85,BR,1691430501
156,villa gesell,-37.2639,-56.973,9.47,58,6,5.35,AR,1691430502
157,belfast,54.5833,-5.9333,17.9,65,20,3.09,GB,1691430503
158,george town,5.4112,100.3354,27.96,89,20,1.03,MY,1691430232
159,keflavik,64.0049,-22.5624,13.24,82,75,3.09,IS,1691430504
160,namibe,-15.1961,12.1522,17.95,90,20,2.4,AO,1691430504
161,kununurra,-15.7667,128.7333,16.99,59,15,2.57,AU,1691430505
162,hauterive,46.0901,3.4459,21.42,43,68,2.87,FR,1691430506
163,newman,37.3138,-121.0208,35.13,16,0,1.54,US,1691430506
164,calbuco,-41.768,-73.1273,12.56,60,99,1.02,CL,1691430402
165,isafjordur,66.0755,-23.124,15.02,55,20,1.54,IS,1691430507
166,fort bragg,35.139,-79.006,32.85,57,75,3.6,US,1691430508
167,huarmey,-10.0681,-78.1522,22.35,68,26,4.72,PE,1691430508
168,tafuna,-14.3358,-170.72,23.97,100,40,1.03,AS,1691430509
169,polyarnyy,69.1989,33.4478,16.8,67,42,6.45,RU,1691430510
170,lumding railway colony,25.749,93.17,25.0,96,100,0.55,IN,1691430510
171,salmas,38.1973,44.7653,25.61,32,39,1.29,IR,1691430511
172,jamestown,42.097,-79.2353,21.77,96,100,7.2,US,1691430410
173,broken hill,-31.95,141.4333,6.95,70,51,3.02,AU,1691430512
174,praia,14.9215,-23.5087,31.3,55,20,7.2,CV,1691430512
175,anna regina,7.2644,-58.5077,30.68,61,5,4.17,GY,1691430513
176,coquimbo,-29.9533,-71.3436,15.85,77,75,4.63,CL,1691430426
177,katsuren-haebaru,26.3369,127.8719,27.21,94,100,8.23,JP,1691430514
178,uturoa,-16.7333,-151.4333,25.57,77,98,4.35,PF,1691430514
179,palikir - national government center,6.9248,158.1611,24.41,100,100,1.54,FM,1691430515
180,rodas,22.3408,-80.5572,35.11,33,1,5.17,CU,1691430515
181,polokwane,-23.9045,29.4688,14.47,29,0,2.57,ZA,1691430516
182,severo-yeniseyskiy,60.3725,93.0408,10.76,88,99,1.56,RU,1691430516
183,mount pearl,47.5166,-52.7813,16.58,93,100,9.26,CA,1691430517
184,fandriana,-20.2333,47.3833,12.08,97,93,1.55,MG,1691430517
185,shakawe,-18.3667,21.85,18.69,34,23,2.57,BW,1691430518
186,mitsamiouli,-11.3847,43.2844,25.07,77,33,3.2,KM,1691430518
187,parang,7.3704,124.2697,24.46,90,70,0.82,PH,1691430519
188,heihe,50.2441,127.4902,13.32,80,59,0.88,CN,1691430519
189,carnarvon,-24.8667,113.6333,20.29,79,17,2.64,AU,1691430520
190,palmer,42.1584,-72.3287,21.75,79,100,4.12,US,1691430521
191,nepalgunj,28.05,81.6167,26.33,89,74,1.6,NP,1691430521
192,goundam,16.4145,-3.6708,37.22,27,9,4.84,ML,1691430521
193,rujewa,-8.7,34.3833,19.86,50,53,4.67,TZ,1691430523
194,salekhard,66.53,66.6019,17.75,87,9,4.1,RU,1691430523
195,tucuma,-0.1833,-50.05,30.49,63,70,3.97,BR,1691430524
196,tadine,-21.55,167.8833,18.53,78,0,4.89,NC,1691430524
197,huicheng,23.0385,116.2899,28.13,81,85,5.5,CN,1691430525
198,kukawa,12.9234,13.5606,28.8,59,93,3.82,NG,1691430525
199,uacu cungo,-11.3634,15.1208,22.08,24,0,0.48,AO,1691430526
200,crane,31.3974,-102.3501,38.32,18,30,7.69,US,1691430526
201,las lomitas,-24.7096,-60.593,30.02,39,2,5.92,AR,1691430527
202,chonchi,-42.6128,-73.8092,12.56,56,99,0.74,CL,1691430400
203,mahibadhoo,3.7833,72.9667,27.74,79,61,4.96,MV,1691430528
204,mangrol,21.1167,70.1167,26.92,84,100,8.26,IN,1691430528
205,hithadhoo,-0.6,73.0833,28.06,73,87,2.64,MV,1691430529
206,puerto baquerizo moreno,-0.9,-89.6,26.55,69,75,6.69,EC,1691430529
207,energetik,51.7445,58.7934,20.11,76,44,3.26,RU,1691430530
208,kruisfontein,-34.0033,24.7314,16.6,92,0,1.56,ZA,1691430530
209,shimoda,34.6667,138.95,25.06,85,92,4.29,JP,1691430531
210,tazovsky,67.4667,78.7,14.8,63,0,3.35,RU,1691430531
211,tshabong,-26.05,22.45,15.58,20,0,3.44,BW,1691430532
212,murphysboro,37.7645,-89.3351,25.06,69,100,5.14,US,1691430532
213,waat,51.1454,6.4958,18.88,68,40,4.12,DE,1691430533
214,howrah,22.5892,88.3103,27.0,94,100,3.09,IN,1691430533
215,ola,59.5833,151.2833,8.11,54,63,4.6,RU,1691430534
216,elkins,38.9259,-79.8467,29.02,54,75,3.09,US,1691430534
217,isla vista,34.4133,-119.861,30.69,45,3,2.79,US,1691430322
218,chissamba,-12.1667,17.3333,20.31,26,0,0.99,AO,1691430535
219,daru,-9.0763,143.2092,23.11,86,66,4.5,PG,1691430388
220,port isabel,26.0734,-97.2086,36.15,59,20,7.72,US,1691430536
221,phan thiet,10.9333,108.1,25.9,88,15,3.93,VN,1691430537
222,kristiansund,63.1115,7.732,12.03,93,75,2.57,NO,1691430538
223,happy valley-goose bay,53.3168,-60.3315,17.17,72,75,4.63,CA,1691430538
224,tidjikja,18.5564,-11.4271,36.56,16,5,6.0,MR,1691430539
225,corte,42.25,9.25,24.96,71,47,1.28,FR,1691430540
226,vila franca do campo,37.7167,-25.4333,24.23,64,96,1.71,PT,1691430541
227,hirara,24.8,125.2833,28.15,89,100,4.63,JP,1691430541
228,haiku-pauwela,20.9219,-156.3051,25.7,79,20,8.23,US,1691430542
229,abalak,58.1286,68.5944,19.3,69,95,1.57,RU,1691430543
230,mount isa,-20.7333,139.5,11.87,62,87,2.57,AU,1691430543
231,tarawa,1.419,172.984,28.05,83,40,0.51,KI,1691430544
232,dudinka,69.4058,86.1778,17.57,54,43,2.78,RU,1691430545
233,guerrero negro,27.9769,-114.0611,27.15,64,3,1.8,MX,1691430366
234,petropavlovsk-kamchatsky,53.0452,158.6483,8.33,100,0,2.0,RU,1691430546
235,malanje,-9.5402,16.341,24.52,22,8,0.98,AO,1691430547
236,richards bay,-28.783,32.0377,18.0,91,2,1.68,ZA,1691430466
237,xinshi,31.047,113.141,25.67,93,2,2.44,CN,1691430548
238,alofi,-19.0595,-169.9187,22.94,94,92,4.63,NU,1691430549
239,aberdeen,57.1437,-2.0981,16.48,92,75,4.12,GB,1691430549
240,hobyo,5.3505,48.5268,25.14,81,77,12.71,SO,1691430550
241,magadan,59.5667,150.8,7.88,54,68,4.03,RU,1691430551
242,caleta de carquin,-11.0925,-77.6267,21.52,68,13,4.82,PE,1691430551
243,balfour,-26.6633,28.5902,10.12,20,0,0.28,ZA,1691430552
244,praia da vitoria,38.7333,-27.0667,25.42,83,20,2.56,PT,1691430552
245,lozuvatka,48.0571,33.2858,24.99,40,16,3.21,UA,1691430553
246,kogalym,62.2654,74.4791,18.2,57,43,2.34,RU,1691430553
247,nantucket,41.2835,-70.0995,26.03,68,100,4.63,US,1691430324
248,saveh,35.0213,50.3566,33.01,20,59,8.19,IR,1691430554
249,mitu,1.1983,-70.1733,28.92,74,56,0.88,CO,1691430555
250,prince george,53.9166,-122.753,20.69,60,75,2.06,CA,1691430556
251,tabou,4.423,-7.3528,25.23,88,93,4.69,CI,1691430556
252,cholpon-ata,42.6494,77.0823,17.03,69,100,1.9,KG,1691430556
253,brandon,27.9378,-82.2859,36.27,66,100,3.6,US,1691430541
254,vadso,70.0744,29.7487,21.49,72,0,3.6,NO,1691430558
255,jayapura,-2.5333,140.7,25.66,90,89,1.59,ID,1691430558
256,oranjemund,-28.55,16.4333,13.54,80,1,3.55,NA,1691430559
257,aioun,16.6614,-9.6149,38.24,24,7,6.07,MR,1691430559
258,queenstown,-31.8976,26.8753,15.25,30,0,3.06,ZA,1691430560
259,rabo de peixe,37.8,-25.5833,23.73,73,40,2.06,PT,1691430560
260,morden,49.1919,-98.1014,26.16,41,26,2.57,CA,1691430561
261,usinsk,65.9939,57.5281,14.74,68,99,6.76,RU,1691430561
262,shagonar,51.5333,92.8,16.21,92,100,2.11,RU,1691430562
263,non sang,16.8687,102.5664,24.38,85,100,0.74,TH,1691430562
264,chernyshevskiy,63.0128,112.4714,14.5,77,93,2.93,RU,1691430563
265,male,4.1748,73.5089,29.97,79,75,5.66,MV,1691430563
266,metropolis,37.1512,-88.732,28.01,72,100,4.12,US,1691430564
267,ho chi minh city,10.75,106.6667,28.01,94,20,5.66,VN,1691430564
268,sawakin,19.1059,37.3321,34.0,53,12,3.94,SD,1691430565
269,chetwayi,10.5333,76.05,25.87,87,92,3.22,IN,1691430565
270,tyukhtet,56.5389,89.3011,14.02,63,59,2.6,RU,1691430566
271,talcahuano,-36.7167,-73.1167,13.82,51,0,4.12,CL,1691430567
272,san patricio,28.017,-97.5169,37.4,35,1,7.38,US,1691430567
273,pisco,-13.7,-76.2167,21.03,68,100,3.09,PE,1691430568
274,merizo village,13.2658,144.6691,27.31,97,91,1.09,GU,1691430569
275,morehead city,34.7229,-76.726,33.01,77,0,6.17,US,1691430570
276,saint-philippe,-21.3585,55.7679,19.77,83,94,7.54,RE,1691430570
277,clovis,36.8252,-119.7029,36.45,38,0,2.57,US,1691430559
278,klyuchi,52.2667,79.1667,18.83,43,0,2.06,RU,1691430571
279,taksimo,56.3444,114.8794,16.89,66,63,0.44,RU,1691430572
280,port blair,11.6667,92.75,28.02,83,40,4.63,IN,1691430572
281,olonkinbyen,70.9221,-8.7187,4.28,82,9,3.29,SJ,1691430573
282,bien hoa,10.95,106.8167,27.99,85,6,3.41,VN,1691430574
283,waingapu,-9.6567,120.2641,22.72,86,1,5.05,ID,1691430575
284,bulawayo,-20.15,28.5833,16.62,31,29,4.39,ZW,1691430387
285,idri,27.5,13.2667,36.71,20,0,5.03,LY,1691430576
286,tambopata,-12.7333,-69.1833,33.94,49,40,3.09,PE,1691430576
287,luanda,-8.8368,13.2343,23.0,78,0,5.66,AO,1691430457
288,takoradi,4.8845,-1.7554,25.3,83,61,4.96,GH,1691430578
289,st. john's,47.5649,-52.7093,17.04,93,100,9.26,CA,1691430282
290,manokwari,-0.8667,134.0833,25.15,76,56,2.18,ID,1691430579
291,el calafate,-50.3408,-72.2768,0.62,59,100,0.84,AR,1691430579
292,maralal,1.0968,36.698,18.73,48,85,2.92,KE,1691430580
293,qamdo,31.1667,97.2333,6.39,81,44,1.58,CN,1691430580
294,bhikangaon,21.8667,75.95,25.13,79,100,7.55,IN,1691430582
295,castrovillari,39.8203,16.2123,19.49,72,0,3.3,IT,1691430583
296,kailua-kona,19.6406,-155.9956,29.22,74,0,3.09,US,1691430583
297,takahata,38.0025,140.1911,23.4,96,100,2.07,JP,1691430584
298,peniche,39.3558,-9.3811,28.49,53,0,3.58,PT,1691430584
299,carutapera,-1.195,-46.02,27.04,87,98,4.61,BR,1691430585
300,hadibu,12.65,54.0333,25.84,79,34,8.62,YE,1691430585
301,xinhui,22.456,113.0482,30.64,78,66,2.59,CN,1691430586
302,hargeysa,9.56,44.065,24.86,47,79,9.51,SO,1691430542
303,houlton,46.1262,-67.8403,24.23,60,40,4.12,US,1691430587
304,spring creek,40.7266,-115.5859,24.34,25,7,3.75,US,1691430587
305,challapata,-18.9,-66.7667,12.86,18,2,5.8,BO,1691430588
306,hagere hiywet,8.9833,37.85,15.8,88,77,1.22,ET,1691430588
307,chachapoyas,-6.2317,-77.869,18.56,57,39,1.91,PE,1691430589
308,cabo san lucas,22.8909,-109.9124,35.34,68,96,2.24,MX,1691430589
309,smithers,54.7804,-127.1743,17.18,77,40,1.03,CA,1691430590
310,vilyuysk,63.7553,121.6247,14.1,73,8,2.12,RU,1691430591
311,semnan,35.5729,53.3971,28.33,38,49,3.54,IR,1691430591
312,jipijapa,-1.3333,-80.5833,26.72,69,99,1.19,EC,1691430592
313,le vauclin,14.5452,-60.8388,32.03,70,20,6.69,MQ,1691430592
314,kolonia town,6.964,158.206,25.0,100,100,1.54,FM,1691430593
315,harstad,68.799,16.5293,15.13,100,100,4.92,NO,1691430593
316,samoylovka,51.184,43.7081,23.44,45,0,4.47,RU,1691430594
317,poso,-1.3959,120.7524,24.11,86,16,2.22,ID,1691430594
318,taoudenni,22.6783,-3.9836,44.74,13,0,5.89,ML,1691430595
319,lorengau,-2.0226,147.2712,27.69,73,96,7.16,PG,1691430595
320,berdigestyakh,62.0989,126.6992,12.89,59,26,2.33,RU,1691430596
321,gamba,-2.65,10.0,21.93,84,31,3.25,GA,1691430596
322,richlands,37.0932,-81.7937,28.4,83,100,4.63,US,1691430471
323,tazacorte,28.629,-17.9293,25.54,72,75,2.24,ES,1691430597
324,sault ste. marie,46.5168,-84.3333,25.31,52,0,4.12,CA,1691430324
325,sho'rchi,38.0141,67.7899,29.56,20,2,3.11,UZ,1691430598
326,lospalos,-8.5186,127.0025,19.41,86,54,3.17,TL,1691430599
327,mili,6.0815,171.735,27.44,76,100,2.74,MH,1691430599
328,waldkraiburg,48.2085,12.3989,13.67,82,92,3.32,DE,1691430600
329,pathein,16.7833,94.7333,26.17,85,100,3.72,MM,1691430464
330,klaksvik,62.2266,-6.589,11.51,79,88,5.23,FO,1691430602
331,kasongo,-4.45,26.6667,28.02,31,6,1.07,CD,1691430602
332,mazagao,-0.115,-51.2894,33.03,45,52,2.38,BR,1691430603
333,itacare,-14.2775,-38.9967,23.57,88,95,1.37,BR,1691430603
334,bonthe,7.5264,-12.505,25.07,89,100,3.78,SL,1691430604
335,lihue,21.9789,-159.3672,26.77,85,100,5.66,US,1691430605
336,edeia,-17.3383,-49.9314,33.33,18,2,1.87,BR,1691430605
337,kencong,-8.2833,113.3667,21.15,91,13,0.75,ID,1691430606
338,cidreira,-30.1811,-50.2056,15.82,84,100,5.44,BR,1691430606
339,urangan,-25.3,152.9,17.39,75,33,4.76,AU,1691430607
340,roanoke rapids,36.4615,-77.6542,32.7,74,40,2.06,US,1691430488
341,chul'man,56.8479,124.9104,15.77,67,86,0.79,RU,1691430608
342,weno,7.4515,151.8468,28.97,84,100,3.6,FM,1691430609
343,natal,-5.795,-35.2094,29.36,70,75,9.26,BR,1691430609
344,nuuk,64.1835,-51.7216,8.34,81,0,3.09,GL,1691430610
345,villahermosa,17.9833,-92.9167,32.79,65,20,7.72,MX,1691430335
346,jiuquan,39.7432,98.5174,26.45,22,89,1.42,CN,1691430611
347,sisimiut,66.9395,-53.6735,9.22,65,15,2.14,GL,1691430582
348,hatillo,18.4863,-66.8254,33.56,86,29,6.26,PR,1691430612
349,montelibano,7.9829,-75.4229,31.56,68,100,1.17,CO,1691430612
350,ta`u,-14.2336,-169.5144,26.69,77,65,3.28,AS,1691430613
351,afaahiti,-17.75,-149.2833,24.93,79,88,5.74,PF,1691430613
352,anupgarh,29.1911,73.2086,37.13,33,9,3.99,IN,1691430614
353,valparaiso,-33.0393,-71.6273,17.13,73,0,4.12,CL,1691430614
354,letlhakeng,-24.0944,25.0298,14.05,24,0,3.54,BW,1691430615
355,annau,37.8876,58.516,33.72,21,1,2.06,TM,1691430615
356,stanthorpe,-28.6667,151.95,8.57,94,70,4.26,AU,1691430616
357,hastings,50.8552,0.5729,19.99,23,95,7.63,GB,1691430616
358,santa maria do suacui,-18.1903,-42.4142,30.46,26,0,2.03,BR,1691430617
359,olenino,56.2092,33.4889,25.11,56,0,8.18,RU,1691430618
360,kingston,17.997,-76.7936,33.53,68,40,10.29,JM,1691430430
361,salgueiro,-8.0742,-39.1192,31.91,33,16,7.83,BR,1691430619
362,illela,13.7292,5.2975,30.3,58,96,6.38,NG,1691430619
363,santiago,-33.4569,-70.6483,17.69,52,75,2.06,CL,1691430251
364,fale old settlement,-9.3852,-171.2468,27.94,69,8,5.97,TK,1691430620
365,madalena,41.2162,-8.3345,38.75,24,0,3.29,PT,1691430621
366,vorgashor,67.5833,63.95,12.97,92,45,4.81,RU,1691430621
367,xilin hot,43.9667,116.0333,17.3,81,4,0.52,CN,1691430622
368,bodri,23.1667,81.4333,24.31,86,100,4.27,IN,1691430622
369,sitka,57.0531,-135.33,15.94,82,40,1.54,US,1691430623
370,kalmunai,7.4167,81.8167,27.47,78,93,2.64,LK,1691430623
371,singaraja,-8.112,115.0882,23.61,72,50,1.85,ID,1691430624
372,mejit,10.2753,170.8646,28.23,77,88,9.12,MH,1691430625
373,elda,38.4778,-0.7916,25.49,71,1,4.45,ES,1691430576
374,puerto gaitan,4.3133,-72.0816,31.27,56,53,3.42,CO,1691430626
375,kavaratti,10.5669,72.642,28.11,76,98,8.54,IN,1691430627
376,zonguldak,41.25,31.8333,18.67,94,0,1.5,TR,1691430627
377,nova vicosa,-17.8919,-39.3719,24.56,72,78,5.04,BR,1691430628
378,chibougamau,49.9168,-74.3659,21.79,49,100,2.06,CA,1691430629
379,boguchany,58.3814,97.4531,14.16,88,84,1.53,RU,1691430629
380,shahganj,26.05,82.6833,28.39,69,100,5.39,IN,1691430630
381,agdas,40.65,47.4761,33.93,38,1,5.22,AZ,1691430630
382,meskiana,35.6306,7.6661,29.72,36,0,6.89,DZ,1691430631
383,kamakhyanagar,20.9333,85.55,26.36,83,100,1.85,IN,1691430631
384,corzuela,-26.9537,-60.9693,25.43,40,10,6.21,AR,1691430632
385,kiruna,67.8557,20.2251,14.51,100,100,1.03,SE,1691430632
386,soio,-6.1349,12.3689,22.03,87,49,4.21,AO,1691430633
387,taltal,-25.4,-70.4833,19.29,67,11,3.0,CL,1691430634
388,hamilton,39.1834,-84.5333,26.11,90,100,6.69,US,1691430489
389,sita road,27.0333,67.85,35.39,44,7,7.52,PK,1691430635
390,kirakira,-10.4544,161.9205,24.94,90,85,3.31,SB,1691430636
391,suva,-18.1416,178.4415,19.71,100,75,1.03,FJ,1691430636
392,pontes e lacerda,-15.2261,-59.3353,38.27,18,2,2.95,BR,1691430637
393,general villegas,-35.0328,-63.0125,14.95,31,0,3.87,AR,1691430637
394,verkhnevilyuysk,63.4453,120.3167,14.65,70,54,2.18,RU,1691430638
395,tindouf,27.6711,-8.1474,46.25,11,0,2.06,DZ,1691430638
396,fuerte olimpo,-21.0415,-57.8738,38.72,21,5,4.22,PY,1691430639
397,safaga,26.7292,33.9365,32.82,40,0,1.61,EG,1691430639
398,calvinia,-31.4707,19.776,15.88,39,0,1.69,ZA,1691430641
399,panama city beach,30.1766,-85.8055,34.07,70,75,5.66,US,1691430422
400,constantia,44.1833,28.65,24.38,58,0,3.62,RO,1691430642
401,hami,42.8,93.45,33.73,13,99,3.56,CN,1691430643
402,tanjung pandan,-2.75,107.65,26.12,83,94,4.26,ID,1691430643
403,tam ky,15.5667,108.4833,26.33,73,67,2.68,VN,1691430644
404,al kharijah,25.4514,30.5464,37.24,10,4,4.22,EG,1691430645
405,solotvyno,47.946,23.8703,17.33,85,52,2.08,UA,1691430645
406,puerto aysen,-45.4,-72.7,6.02,81,0,0.0,CL,1691430380
407,levuka,50.1834,-105.4011,24.9,24,5,3.06,CA,1691430647
408,kenora,49.8167,-94.4337,22.54,53,75,3.6,CA,1691430574
409,khovd,48.0056,91.6419,21.64,38,100,0.73,MN,1691430648
410,muli,2.9167,73.5667,27.75,78,58,4.35,MV,1691430649
411,chegdomyn,51.1167,133.0167,13.74,72,71,1.08,RU,1691430649
412,minas de marcona,-15.2119,-75.1103,18.4,55,8,5.89,PE,1691430650
413,guanare,9.0418,-69.7421,28.01,100,58,4.12,VE,1691430650
414,shache,38.4167,77.2406,24.46,43,100,2.41,CN,1691430651
415,missoula,47.0166,-113.8009,19.8,66,88,0.91,US,1691430652
416,panacan,9.2463,118.4082,26.72,81,3,1.95,PH,1691430652
417,ginir,7.1333,40.7,16.69,68,33,4.67,ET,1691430653
418,dhuusamarreeb,5.535,46.3861,28.27,51,95,9.76,SO,1691430653
419,mata de sao joao,-12.5303,-38.2992,27.86,63,68,3.47,BR,1691430654
420,inarajan village,13.2736,144.7484,27.54,97,94,1.15,GU,1691430655
421,creel,27.75,-107.6333,29.56,21,24,3.19,MX,1691430655
422,miquelon,47.0975,-56.3814,22.0,80,81,6.05,PM,1691430656
423,raja,8.4596,25.678,22.03,94,27,2.5,SS,1691430657
424,galliano,29.4422,-90.2992,36.67,55,40,5.66,US,1691430657
425,riohacha,11.5444,-72.9072,34.06,59,40,3.6,CO,1691430658
426,aras-asan,8.8908,126.3033,25.65,82,75,2.05,PH,1691430658
427,morsi,21.3392,78.0131,24.77,82,99,4.33,IN,1691430659
428,kone,-21.0595,164.8658,15.65,91,0,1.87,NC,1691430659
429,brookings,44.3114,-96.7984,24.47,62,0,4.63,US,1691430601
430,selfoss,63.9331,-20.9971,14.47,69,65,3.4,IS,1691430660
431,ponta delgada,37.7333,-25.6667,24.4,73,40,2.06,PT,1691430661
432,xinyuan,37.3,99.0,6.65,76,23,1.05,CN,1691430661
433,plettenberg bay,-34.0527,23.3716,14.48,69,0,1.86,ZA,1691430663
434,puerto la cruz,10.2167,-64.6167,28.36,74,30,2.78,VE,1691430281
435,zeya,53.75,127.2667,16.28,53,100,0.66,RU,1691430664
436,asmara,15.3333,38.9333,18.5,68,32,2.05,ER,1691430664
437,zhangye,38.9342,100.4517,27.63,26,82,3.2,CN,1691430665
438,ljusdal,61.8288,16.0913,19.89,95,99,4.24,SE,1691430665
439,arkhangel'sk,64.5401,40.5433,15.35,73,1,2.71,RU,1691430666
440,la sarre,48.8002,-79.1996,20.67,52,100,2.44,CA,1691430606
441,svay rieng,11.0879,105.7993,27.35,76,22,5.09,KH,1691430667
442,nushki,29.5542,66.0215,31.81,11,0,1.41,PK,1691430668
443,rio san juan,19.6439,-70.0763,29.74,76,80,6.46,DO,1691430668
444,sao mateus,-18.7161,-39.8589,25.04,66,76,4.27,BR,1691430669
445,cockburn town,21.4612,-71.1419,30.98,70,75,6.17,TC,1691430669
446,gaiman,-43.2897,-65.4929,14.13,28,9,7.71,AR,1691430670
447,bani walid,31.7566,13.9942,28.45,45,0,7.03,LY,1691430671
448,kill devil hills,36.0307,-75.676,32.0,73,40,5.14,US,1691430671
449,sarangani,5.4033,125.4636,27.98,77,89,6.16,PH,1691430672
450,pakokku,21.3333,95.1,26.4,82,100,7.61,MM,1691430675
451,boulder,40.0833,-105.3505,24.52,38,0,7.15,US,1691430448
452,pampa,35.5362,-100.9599,31.98,42,48,5.23,US,1691430676
453,lichinga,-13.3128,35.2406,16.26,56,87,0.53,MZ,1691430677
454,nagqu,31.5,92.0,5.82,89,100,1.03,CN,1691430677
455,kargasok,59.0556,80.8572,11.73,95,36,2.87,RU,1691430678
456,viseu,40.661,-7.9097,39.36,12,0,1.86,PT,1691430679
457,wladyslawowo,54.7909,18.4009,15.82,80,100,11.61,PL,1691430679
458,i-n-salah,27.1935,2.4607,41.05,8,0,6.56,DZ,1691430680
459,santa vitoria do palmar,-33.5189,-53.3681,12.68,58,22,6.78,BR,1691430681
460,pacifica,37.6138,-122.4869,34.24,74,0,3.09,US,1691430657
461,ancud,-41.8697,-73.8203,10.87,66,97,1.97,CL,1691430682
462,prado,-17.3411,-39.2208,24.73,72,92,4.39,BR,1691430682
463,port hedland,-20.3167,118.5667,16.03,72,3,3.6,AU,1691430683
464,zhongshan,21.3226,110.5829,27.54,77,93,2.22,CN,1691430683
465,mulayjah,27.271,48.4242,35.22,19,0,1.31,SA,1691430684
466,ambon,-3.6954,128.1814,26.04,95,66,6.75,ID,1691430684
467,campbell river,50.0163,-125.2446,22.0,77,100,1.03,CA,1691430685
468,peissenberg,47.8,11.0667,14.76,93,75,5.14,DE,1691430685
469,portachuelo,-17.35,-63.4,33.5,28,25,1.48,BO,1691430686
470,tianshui,34.5439,105.6897,18.96,91,7,1.91,CN,1691430687
471,antofagasta,-23.65,-70.4,18.6,71,11,3.84,CL,1691430687
472,westport,41.1415,-73.3579,26.99,86,100,4.12,US,1691430561
473,hasaki,35.7333,140.8333,27.95,91,92,4.22,JP,1691430688
474,sialkot,32.5101,74.5431,30.9,84,14,0.45,PK,1691430689
475,yueyang,29.3333,113.0919,27.64,86,66,2.05,CN,1691430690
476,polewali,-3.4324,119.3435,23.93,84,29,2.18,ID,1691430690
477,arica,-18.475,-70.3042,22.75,64,75,5.66,CL,1691430426
478,kristinehamn,59.3098,14.1081,21.31,83,90,4.35,SE,1691430692
479,muroto-misakicho,33.2833,134.15,27.56,90,91,10.58,JP,1691430692
480,tinajo,29.0788,-13.7081,26.49,54,20,8.23,ES,1691430693
481,fomboni,-12.28,43.7425,24.88,73,7,5.55,KM,1691430693
482,robbah,33.2797,6.9098,39.8,18,0,2.67,DZ,1691430694
483,mata-utu,-13.2816,-176.1745,27.34,74,39,2.45,WF,1691430694
484,bardai,11.65,7.2333,23.83,80,83,3.82,NG,1691430695
485,labytnangi,66.6572,66.4183,17.95,89,28,3.2,RU,1691430594
486,rio tuba,8.5061,117.4317,27.59,80,3,3.14,PH,1691430696
487,hudiksvall,61.729,17.1036,18.79,97,94,4.07,SE,1691430697
488,undurkhaan,47.3194,110.6556,14.89,91,97,3.23,MN,1691430697
489,molde,62.7375,7.1591,12.62,87,75,2.06,NO,1691430698
490,abepura,-2.6333,140.5833,25.45,83,75,2.06,ID,1691430644
491,sanming,26.2486,117.6186,27.68,84,92,1.11,CN,1691430699
492,pavlovo,55.9686,43.0912,20.19,73,0,2.59,RU,1691430699
493,oodweyne,9.4092,45.064,26.31,42,64,6.85,SO,1691430700
494,valley city,46.9233,-98.0032,24.29,53,0,2.57,US,1691430437
495,puerto armuelles,8.2833,-82.8667,27.99,91,100,1.34,PA,1691430701
496,port augusta,-32.5,137.7667,6.33,70,2,1.66,AU,1691430701
497,ploneour-lanvern,47.9,-4.2833,18.18,59,0,4.12,FR,1691430702
498,nykvarn,59.8,18.3,21.94,98,84,2.97,SE,1691430702
499,robertsport,6.7533,-11.3686,25.69,85,72,4.78,LR,1691430703
500,tahoua,14.8888,5.2692,33.99,46,20,3.09,NE,1691430703
501,kalengwa,-13.4659,25.0027,19.8,35,32,2.59,ZM,1691430704
502,adre,13.4667,22.2,23.7,74,90,1.27,TD,1691430704
503,villa canas,-34.0057,-61.6076,14.96,10,0,4.33,AR,1691430705
504,nampula,-15.1165,39.2666,18.66,81,66,2.6,MZ,1691430705
505,starobaltachevo,56.0013,55.9213,20.73,61,100,2.6,RU,1691430706
506,chickasha,35.0526,-97.9364,28.64,54,0,2.57,US,1691430706
507,chandia,23.65,80.7,24.45,88,100,4.65,IN,1691430707
508,kas,36.2018,29.6377,26.28,67,0,3.26,TR,1691430707
509,merritt island,28.5392,-80.672,37.78,54,0,3.6,US,1691430708
510,lake albert,-35.1667,147.3833,7.44,90,0,1.56,AU,1691430709
511,st. thomas,42.7736,-81.1804,21.24,82,99,6.42,CA,1691430710
512,jaguarao,-32.5661,-53.3758,13.83,56,51,6.59,BR,1691430710
513,kapuskasing,49.4169,-82.4331,22.05,83,100,1.54,CA,1691430602
514,san antonio de pale,-1.4014,5.6325,23.0,80,22,4.21,GQ,1691430598
515,changyon,38.2508,125.0961,22.05,86,0,2.73,KP,1691430711
516,mhamid,29.82,-5.72,43.04,8,95,5.87,MA,1691430712
517,poronaysk,49.2167,143.1167,12.2,82,10,1.39,RU,1691430712
518,bratsk,56.1325,101.6142,14.27,96,28,0.57,RU,1691430713
519,sao jose da coroa grande,-8.8978,-35.1478,25.75,77,26,5.79,BR,1691430713
520,dryden,49.7833,-92.7503,22.16,56,40,3.09,CA,1691430714
521,yaiza,28.9633,-13.7631,25.87,54,20,8.23,ES,1691430715
522,shimanovsk,52.0,127.7,16.55,51,99,0.88,RU,1691430715
523,sinnar,13.5691,33.5672,32.7,41,63,3.39,SD,1691430716
524,puerto cabezas,14.0351,-83.3888,30.98,79,40,4.12,NI,1691430717
525,bikenibeu village,1.3673,173.1241,27.98,83,40,0.51,KI,1691430644
526,svetlyy,54.675,20.1347,16.03,76,100,9.62,RU,1691430718
527,kedougou,12.5579,-12.1743,27.08,82,99,2.97,SN,1691430718
528,woolgoolga,-30.1106,153.2007,12.93,79,85,4.73,AU,1691430643
529,ghat,24.9647,10.1728,39.29,7,0,4.41,LY,1691430719
530,savanna-la-mar,18.219,-78.1332,31.97,62,14,1.83,JM,1691430720
531,berezovyy,51.6667,135.7,15.3,57,48,1.45,RU,1691430720
532,bodaybo,57.8506,114.1933,18.91,69,89,0.61,RU,1691430721
533,ocean shores,46.9737,-124.1563,21.08,93,100,4.12,US,1691430721
534,dwarka,22.2394,68.9678,27.15,84,100,10.35,IN,1691430722
535,waalwijk,51.6897,5.0172,19.1,68,75,6.17,NL,1691430722
536,isiro,2.7739,27.616,20.34,98,46,1.48,CD,1691430723
537,badagara,11.6,75.5833,25.56,86,100,2.79,IN,1691430723
538,bamboo flat,11.7,92.7167,28.05,83,40,4.63,IN,1691430634
539,greymouth,-42.4667,171.2,5.48,89,93,1.47,NZ,1691430456
540,impfondo,1.6381,18.0667,21.45,96,100,0.5,CG,1691430725
541,menderes,38.2496,27.1343,29.02,45,0,8.75,TR,1691430725
542,pangody,65.85,74.4859,19.06,52,1,3.45,RU,1691430726
543,paracatu,-17.2222,-46.8747,31.03,17,0,0.54,BR,1691430521
544,mlyniv,50.509,25.6168,17.87,90,95,3.59,UA,1691430727
545,cascais,38.6979,-9.4215,34.64,36,0,6.17,PT,1691430727
546,thai nguyen,21.5928,105.8442,27.88,97,98,1.29,VN,1691430596
547,ugoofaaru,5.6667,73.0,27.38,81,97,5.61,MV,1691430728
548,garissa,-0.4536,39.6401,25.82,58,26,10.86,KE,1691430729
549,el matama,16.7095,33.3565,34.78,35,38,2.8,SD,1691430729
550,san juan colorado,16.4586,-97.9536,32.91,48,7,2.18,MX,1691430730
551,mtwara,-10.2667,40.1833,22.97,80,16,5.4,TZ,1691430730
552,union beach,40.4465,-74.1782,29.08,71,100,3.58,US,1691430731
553,jiaxing,30.7522,120.75,25.25,97,49,2.09,CN,1691430732
554,vytegra,61.0064,36.4481,23.29,78,0,3.55,RU,1691430733
555,turgen,43.4006,77.5933,18.07,60,100,2.07,KZ,1691430734
556,tomatlan,19.9333,-105.25,34.43,48,56,1.77,MX,1691430734
557,veraval,20.9,70.3667,26.87,84,100,7.91,IN,1691430735
558,den burg,53.0542,4.7972,17.22,66,19,6.69,NL,1691430735
559,kybartai,54.6386,22.7632,15.0,74,96,6.13,LT,1691430736
560,ceerigaabo,10.6162,47.368,20.22,58,3,9.23,SO,1691430738
561,tsiombe,-25.3,45.4833,19.93,78,0,3.17,MG,1691430738
562,deniliquin,-35.5333,144.9667,5.7,93,0,1.99,AU,1691430739
563,manda,-10.4667,34.5833,22.41,68,14,3.78,TZ,1691430739
564,shadrinsk,56.0852,63.6335,20.46,61,100,2.01,RU,1691430740
565,kourou,5.1552,-52.6478,32.03,64,14,4.74,GF,1691430740
566,kudahuvadhoo,2.6708,72.8944,28.01,76,71,4.76,MV,1691430741
567,yilan,24.757,121.753,30.51,99,98,1.01,TW,1691430725
568,burang,30.25,81.1667,11.01,82,72,2.15,CN,1691430742
569,qarqaraly,49.4058,75.4742,18.14,73,100,2.53,KZ,1691430742
570,yanchep,-31.55,115.6833,17.07,88,89,3.83,AU,1691430743
